﻿<?xml version="1.0" encoding="utf-8" ?>
<gadget>
    <!-- Language: enu(en-US) -->
    <name>
      <!--_locComment_text="{Locked}"-->Windows Media Center
    </name>
    <namespace>
      <!--_locComment_text="{Locked}"-->Microsoft.Windows
    </namespace>
    <version>
      <!--_locComment_text="{Locked}"-->1.0.0.0
    </version>
    <author name="Microsoft Corporation">
      <info url="http://go.microsoft.com/fwlink/?LinkId=124093" text="www.gallery.microsoft.com"/>
      <logo src="images/logo.png"/>
    </author>
    <copyright>
      <!--_locComment_text="{Locked}"-->© 2009
    </copyright>
    <description>
      Play your latest TV recordings, new Internet TV clips, and favorite music and pictures.
    </description>
    <icons>
      <icon height="48" width="48" src="images/ehshellLogo.png"/>
  	</icons>
    <hosts>
      <host name="sidebar">
        <autoscaleDPI>true</autoscaleDPI>
        <base type="HTML" apiVersion="1.0.0" src="Main.html" />
        <permissions>
          <!--_locComment_text="{Locked}"-->full
        </permissions>
        <platform minPlatformVersion="0.3" />
        <defaultImage src="images/ehshellLogo.png"/>
      </host>
    </hosts>
</gadget>
